x,predicted,expected
-1,-2.52124,-3
-0.8,-2.02427,-2.112
-0.6,-1.524,-1.416
-0.4,-1.0293,-0.864
-0.2,-0.540391,-0.408
0,-0.0497997,0
0.2,0.454603,0.408
0.4,0.985843,0.864
0.6,1.55387,1.416
0.8,2.16152,2.112
1,2.80135,3
