x,predicted,expected
-1,-2.85052,-3
-0.8,-2.12242,-2.112
-0.6,-1.45908,-1.416
-0.4,-0.887997,-0.864
-0.2,-0.401999,-0.408
0,0.0256376,0
0.2,0.43156,0.408
0.4,0.864687,0.864
0.6,1.39411,1.416
0.8,2.10083,2.112
1,3.01413,3
