x,predicted,expected
-1,-2.34875,-3
-0.8,-2.01513,-2.112
-0.6,-1.59524,-1.416
-0.4,-1.10526,-0.864
-0.2,-0.564233,-0.408
0,0.0067198,0
0.2,0.585244,0.408
0.4,1.14866,0.864
0.6,1.6749,1.416
0.8,2.14339,2.112
1,2.53589,3
