x,predicted,expected
-1,-0.85155,-0.841471
-0.8,-0.7171,-0.717356
-0.6,-0.562093,-0.564642
-0.4,-0.387682,-0.389418
-0.2,-0.19784,-0.198669
0,0.000542894,0
0.2,0.198706,0.198669
0.4,0.387959,0.389418
0.6,0.561589,0.564642
0.8,0.715818,0.717356
1,0.84965,0.841471
