x,predicted,expected
-1,-0.891139,-0.841471
-0.8,-0.720316,-0.717356
-0.6,-0.544822,-0.564642
-0.4,-0.365754,-0.389418
-0.2,-0.184232,-0.198669
0,-0.00139556,0
0.2,0.181609,0.198669
0.4,0.363632,0.389418
0.6,0.543533,0.564642
0.8,0.720187,0.717356
1,0.89249,0.841471
