x,predicted,expected
-1,0.887773,1
-0.8,0.636282,0.64
-0.6,0.399699,0.36
-0.4,0.19684,0.16
-0.2,0.048286,0.04
0,-0.0229375,0
0.2,0.00669396,0.04
0.4,0.150254,0.16
0.6,0.389962,0.36
0.8,0.668337,0.64
1,0.916127,1
