x,predicted,expected
-1,0.31426,1
-0.8,0.321197,0.64
-0.6,0.328129,0.36
-0.4,0.335054,0.16
-0.2,0.341971,0.04
0,0.348877,0
0.2,0.355772,0.04
0.4,0.362653,0.16
0.6,0.369518,0.36
0.8,0.376366,0.64
1,0.383195,1
