x,predicted,expected
-1,0.29306,1
-0.8,0.30142,0.64
-0.6,0.310509,0.36
-0.4,0.320275,0.16
-0.2,0.330645,0.04
0,0.341521,0
0.2,0.352791,0.04
0.4,0.364323,0.16
0.6,0.375977,0.36
0.8,0.387607,0.64
1,0.399068,1
